datetime,actual,lstm,lstm_margin,hybrid,prophet
2025-12-28 09:15:00,10.91,8.759248528778553,9.384694209247828,8.879179643157297,10.007103562526813
2025-12-28 09:30:00,10.99,8.93196835398674,9.557414034456015,9.050625047699858,10.166563340490775
2025-12-28 09:45:00,10.99,9.064837132394313,9.690282812863588,9.185140546391555,10.316565856097107
2025-12-28 10:00:00,11.09,9.19340037614107,9.818846056610345,9.3274564427348,10.588222215077678
2025-12-28 10:15:00,11.43,9.284748744666576,9.91019442513585,9.420135580231912,10.69341692171637
2025-12-28 10:30:00,11.67,9.429674859642983,10.055120540112258,9.558139299734348,10.76631714013924
2025-12-28 10:45:00,11.56,9.556674158871173,10.182119839340448,9.676564672517134,10.804106751545328
2025-12-28 11:00:00,11.91,9.65531232714653,10.280758007615805,9.786823854681733,11.023658835730398
2025-12-28 11:15:00,11.97,9.766818281412124,10.3922639618814,9.885103480614765,10.99754795492119
2025-12-28 11:30:00,12.13,9.791283170580865,10.41672885105014,9.902629849368669,10.94981917131979
2025-12-28 11:45:00,11.81,9.874016224741936,10.499461905211211,9.971759937754959,10.891016566416083
2025-12-28 12:00:00,12.06,9.924394270181656,10.54983995065093,10.021713809625279,10.936981185644441
2025-12-28 12:15:00,11.95,9.901693903803826,10.527139584273101,9.996812791518613,10.891383555686764
2025-12-28 12:30:00,11.76,10.024214682877064,10.649660363346339,10.105339908049446,10.868303567731624
2025-12-28 12:45:00,11.49,10.064833374917507,10.690279055386782,10.142692422149656,10.874938446606079
2025-12-28 13:00:00,11.79,10.044147988855839,10.669593669325113,10.13994997654523,11.040945135289121
2025-12-28 13:15:00,11.74,10.10905363202095,10.734499312490225,10.205551772277188,11.113094082156488
2025-12-28 13:30:00,11.74,10.141180823445321,10.766626503914596,10.244178262659823,11.212844950413317
2025-12-28 13:45:00,11.38,10.16555975049734,10.791005430966615,10.27767611680506,11.332104168827586
2025-12-28 14:00:00,11.66,10.177827924191952,10.803273604661227,10.279139424050697,11.231950248746369
2025-12-28 14:15:00,11.6,10.236950404047967,10.862396084517242,10.344764374252902,11.358729402980204
2025-12-28 14:30:00,11.82,10.25987505018711,10.885320730656385,10.376527095333412,11.473612139906358
2025-12-28 14:45:00,11.9,10.275469922423364,10.900915602892638,10.399757729464646,11.568655318501762
2025-12-28 15:00:00,12.1,10.3060370606184,10.931482741087676,10.422403055261766,11.516797862142166
2025-12-28 15:15:00,12.09,10.28239429473877,11.17906605398655,10.405394767776777,11.562185283332287
2025-12-28 15:30:00,12.04,10.347939878106118,11.244611637353898,10.46689554697797,11.585645630808962
2025-12-28 15:45:00,12.03,10.347519265115261,11.24419102436304,10.46730675185125,11.59387988702614
2025-12-28 16:00:00,12.02,10.417379934489727,11.314051693737508,10.517802652043907,11.462254688233145
2025-12-28 16:15:00,11.87,10.452936059236526,11.349607818484305,10.55053796034565,11.46846088140899
2025-12-28 16:30:00,11.81,10.458082466125488,11.354754225373267,10.557109166191445,11.488431986288742
2025-12-28 16:45:00,11.95,10.52640289247036,11.423074651718139,10.622848833143916,11.529900218227004
2025-12-28 17:00:00,11.9,10.50540832579136,11.402080085039138,10.603584260162329,11.526905829023649
2025-12-28 17:15:00,11.84,10.540392431020736,11.437064190268515,10.64425909246074,11.62110061077819
2025-12-28 17:30:00,11.93,10.535052874684334,11.431724633932113,10.650705187969324,11.738387989553281
2025-12-28 17:45:00,12.13,10.554374186992645,11.451045946240423,10.680947550840449,11.871340264012
2025-12-28 18:00:00,12.42,10.524281078577042,11.42095283782482,10.643606064492307,11.765829488242236
2025-12-28 18:15:00,13.25,10.53617285847664,11.43284461772442,10.666972695259691,11.897114392195192
2025-12-28 18:30:00,13.61,10.490472850203513,11.387144609451294,10.636426132312453,12.009082417997217
2025-12-28 18:45:00,13.4,10.469761286377906,11.366433045625687,10.625537881673534,12.09058011714387
2025-12-28 19:00:00,13.48,10.41954915136099,11.31622091060877,10.57700204371061,12.05780945865888
2025-12-28 19:15:00,13.2,10.355126735568046,11.251798494815827,10.518610883122049,12.056140834537047
2025-12-28 19:30:00,12.97,10.272649091482162,11.169320850729942,10.439558779312575,12.009305131238314
2025-12-28 19:45:00,12.8,10.241439890563488,11.138111649811268,10.402784659001092,11.920194253071925
2025-12-28 20:00:00,12.55,10.060832068324089,10.95750382757187,10.225216430475621,11.77121268842315
2025-12-28 20:15:00,12.33,9.992620244324208,10.889292003571988,10.14891166405079,11.618795702192243
2025-12-28 20:30:00,12.28,9.926256428956986,10.822928188204767,10.07260134727952,11.448940879428651
2025-12-28 20:45:00,12.26,9.797666653692723,10.694338412940503,9.939305788760649,11.27138853634028
2025-12-28 21:00:00,11.98,9.65081187427044,10.547483633518219,9.775722283534222,10.950475300019386
2025-12-28 21:15:00,11.96,9.481645503640175,10.378317262887954,9.606477930886339,10.780497544839484
2025-12-28 21:30:00,11.74,9.38284213244915,10.27951389169693,9.501816157735464,10.620738879326478
2025-12-28 21:45:00,11.64,9.224665470123291,10.121337229371072,9.344515149930366,10.471673196309174
2025-12-28 22:00:00,11.4,9.044909840226174,9.941581599473952,9.157908445456853,10.220633747021001
2025-12-28 22:15:00,11.14,8.893168662786485,9.789840422034263,9.007710248655146,10.084946920164636
2025-12-28 22:30:00,11.01,8.677530393600463,9.574202152848244,8.799753777563007,9.949235953158219
2025-12-28 22:45:00,10.83,8.53307512462139,9.429746883869171,8.655691053426466,9.808865020927495
2025-12-28 23:00:00,10.56,8.316114170849323,9.212785930097102,8.447553544927132,9.683709939681654
2025-12-28 23:15:00,10.51,8.183187376856804,9.079859136104584,8.312157413078861,9.525090266161682
2025-12-28 23:30:00,10.27,8.01812631636858,8.91479807561636,8.146786687600306,9.356807214291477
2025-12-28 23:45:00,9.95,7.815721614360809,8.712393373608588,7.94697391882642,9.181370967882545
2025-12-29 00:00:00,9.64,7.645258383154869,8.541930142402649,7.782472109945329,9.072934933662943
2025-12-29 00:15:00,9.26,7.4961194169521335,8.392791176199914,7.630780942813961,8.897240917151304
2025-12-29 00:30:00,9.31,7.2886471951007845,8.185318954348563,7.4271655630439914,8.729898229912818
2025-12-29 00:45:00,8.98,7.210936026573181,8.10760778582096,7.342143287834587,8.576116716150656
2025-12-29 01:00:00,8.85,7.026060344427824,7.922732103675604,7.164400077480172,8.465452725220706
2025-12-29 01:15:00,8.79,6.890015743374825,7.786687502622605,7.030206433289558,8.348666894920763
2025-12-29 01:30:00,8.51,6.7863150078058245,7.682986767053604,6.927125720764768,8.251417353278917
2025-12-29 01:45:00,8.43,6.6778780426085,7.574549801856279,6.821455130798688,8.17176387162903
2025-12-29 02:00:00,8.39,6.615260300636292,7.511932059884072,6.7182853367457716,7.687211566804939
2025-12-29 02:15:00,8.15,6.474276061654091,7.370947820901871,6.585498850187181,7.63152301343538
2025-12-29 02:30:00,7.86,6.372663533389568,7.269335292637348,6.488823947106827,7.581285313735938
2025-12-29 02:45:00,7.85,6.285785194933415,7.182456954181195,6.405639145382737,7.532837356147302
2025-12-29 03:00:00,7.77,6.275686945617199,7.172358704864979,6.377958927260851,7.339802857209694
2025-12-29 03:15:00,7.63,6.218843876868487,7.115515636116267,6.321771546110337,7.289782063683031
2025-12-29 03:30:00,7.58,6.225837938636541,7.122509697884321,6.323309821205959,7.2400099484876055
2025-12-29 03:45:00,7.37,6.147412718534469,7.044084477782249,6.247944582313348,7.193423113071441
2025-12-29 04:00:00,7.4,6.191304692327976,7.087976451575756,6.304482881125874,7.368897123896339
2025-12-29 04:15:00,7.17,6.151821549236774,7.048493308484554,6.266141849103692,7.341297377819824
2025-12-29 04:30:00,7.17,6.209009881466628,7.105681640714407,6.3167083268829,7.329586872147682
2025-12-29 04:45:00,7.16,6.251953088194132,7.148624847441912,6.356222947810573,7.3368564501332205
2025-12-29 05:00:00,7.22,6.272944294214249,7.169616053462029,6.341449850095894,6.985728488619977
2025-12-29 05:15:00,7.27,6.355415747612715,7.252087506860494,6.420591847574658,7.0335577363609385
2025-12-29 05:30:00,7.26,6.4800169514119625,7.376688710659742,6.539532508542602,7.099262323528375
2025-12-29 05:45:00,7.55,6.596183608919382,7.492855368167162,6.652212408220082,7.179150086004343
2025-12-29 06:00:00,7.55,6.682596407681704,7.5792681669294835,6.739211930665753,7.271667606677067
2025-12-29 06:15:00,7.45,6.8779962584376335,7.774668017685413,6.924908429726046,7.366106365556606
2025-12-29 06:30:00,7.83,7.028746218383312,7.925417977631092,7.0703341234555825,7.4614585879489805
2025-12-29 06:45:00,7.97,7.158941327333451,8.05561308658123,7.197009861349313,7.555035468917865
2025-12-29 07:00:00,8.23,7.330596177428961,8.227267936676741,7.386335041204271,7.910545943573689
2025-12-29 07:15:00,8.46,7.477241711616516,8.373913470864295,7.527455983219359,7.999709395754995
2025-12-29 07:30:00,8.45,7.653274438977242,8.549946198225022,7.695228890831227,8.089800641583949
2025-12-29 07:45:00,8.73,7.852241717576981,8.748913476824761,7.884183953689541,8.184593170564868
2025-12-29 08:00:00,8.97,7.992798976004124,8.889470735251905,8.075917479918163,8.857627457287212
2025-12-29 08:15:00,9.82,8.135119695961476,9.031791455209255,8.215704533530182,8.97358597491501
2025-12-29 08:30:00,10.21,8.366485141217709,9.26315690046549,8.437366158493054,9.103985452645759
2025-12-29 08:45:00,10.64,8.563009043931961,9.45968080317974,8.6289161922385,9.248757418741377
2025-12-29 09:00:00,11.09,8.73418473482132,9.6308564940691,8.814849136881419,9.57347886359187
2025-12-29 09:15:00,11.43,9.737529254853726,10.362974935323,9.737437220693131,9.736571661061905
2025-12-29 09:30:00,12.0,9.9911758685112,10.616621548980476,9.982308144721223,9.898909288428666
2025-12-29 09:45:00,12.04,10.086593818068504,10.712039498537779,10.083251396460563,10.051816707474769
2025-12-29 10:00:00,11.95,10.270476337075234,10.895922017544509,10.293720116272102,10.51232239199095
2025-12-29 10:15:00,12.13,10.405750639736652,11.031196320205927,10.426387240352515,10.620469614802893
2025-12-29 10:30:00,12.51,10.600430071353912,11.225875751823187,10.60964823321901,10.6963428771746
2025-12-29 10:45:00,12.6,10.761004475355149,11.386450155824424,10.75870931355992,10.737123856766058
2025-12-29 11:00:00,12.64,10.87777782022953,11.503223500698805,10.882068388527333,10.922420174098983
2025-12-29 11:15:00,12.69,11.084984726905823,11.710430407375098,11.067141548862125,10.899330656606931
2025-12-29 11:30:00,12.75,11.114175763726234,11.739621444195508,11.089231338799577,10.854634890034466
2025-12-29 11:45:00,12.78,11.24415614426136,11.869601824730635,11.201360229509776,10.798874718142207
2025-12-29 12:00:00,12.72,11.315196228027343,11.940641908496618,11.26575700908569,10.80079278451311
2025-12-29 12:15:00,12.83,11.314604752063751,11.940050432533026,11.261133571009365,10.75824969120384
2025-12-29 12:30:00,12.63,11.445682476162911,12.071128156632186,11.377689055125673,10.738226924343898
2025-12-29 12:45:00,12.85,11.525136234760284,12.150581915229559,11.45043807605987,10.747919464709481
2025-12-29 13:00:00,12.73,11.537895418405533,12.163341098874808,11.505361298788499,11.19938555678217
2025-12-29 13:15:00,13.06,11.65827421963215,12.283719900101424,11.621398047844096,11.274586326549048
2025-12-29 13:30:00,13.29,11.651942030787469,12.277387711256743,11.625554189517487,11.377382749577848
2025-12-29 13:45:00,13.29,11.709789936542512,12.335235617011787,11.68959621674082,11.499679032168995
2025-12-29 14:00:00,13.34,11.729940447211266,12.355386127680541,11.70249888239175,11.444417420335832
2025-12-29 14:15:00,13.77,11.790465559959411,12.415911240428686,11.769681281445896,11.574210031106311
2025-12-29 14:30:00,13.78,11.807468371391296,12.432914051860571,11.796379486474146,11.692091132263643
2025-12-29 14:45:00,13.86,11.822645814418793,12.448091494888068,11.81951932328942,11.790115409661302
2025-12-29 15:00:00,13.75,11.863968476057053,12.489414156526328,11.847034140477612,11.687770697812004
2025-12-29 15:15:00,13.98,11.838875320553779,12.73554707980156,11.828997434142094,11.736098236012664
2025-12-29 15:30:00,13.97,11.918085696697235,12.814757455945013,11.903129983836541,11.762475022409866
2025-12-29 15:45:00,14.01,11.91930331647396,12.815975075721738,11.905299792438527,11.773599942930327
2025-12-29 16:00:00,13.95,11.9638246178627,12.86049637711048,11.925183607830537,11.561773997992042
2025-12-29 16:15:00,13.79,12.095708192586898,12.992379951834678,12.045260624297274,11.570813111300755
2025-12-29 16:30:00,13.8,12.105751963853836,13.002423723101614,12.056527713516907,11.593585218104755
2025-12-29 16:45:00,13.85,12.109583822488784,13.006255581736564,12.064242741458623,11.637820539939783
2025-12-29 17:00:00,13.74,12.127012553215026,13.023684312462805,12.067709775921452,11.509981105251134
2025-12-29 17:15:00,13.68,12.197304801940916,13.093976561188697,12.140558155219786,11.606869291305411
2025-12-29 17:30:00,13.63,12.220291708707808,13.116963467955589,12.172863308836757,11.726810364618773
2025-12-29 17:45:00,13.63,12.212383901476858,13.10905566072464,12.178744587980848,11.862374757517182
2025-12-29 18:00:00,13.72,12.220761493444442,13.117433252692223,12.17198120199944,11.713214035533525
2025-12-29 18:15:00,14.0,12.219078333973883,13.115750093221664,12.183320112484417,11.847022450772442
2025-12-29 18:30:00,14.28,12.236671913862228,13.133343673110009,12.210222024056808,11.96146703223702
2025-12-29 18:45:00,14.45,12.225859082341193,13.122530841588972,12.20851448394307,12.045392615973766
2025-12-29 19:00:00,14.45,12.188710005283355,13.085381764531135,12.177902092663508,12.076256216816125
2025-12-29 19:15:00,14.16,12.142224664092062,13.038896423339843,12.135947587107971,12.076913154627658
2025-12-29 19:30:00,14.03,12.104315724372862,13.00098748362064,12.097399058969904,12.032349447860353
2025-12-29 19:45:00,13.7,12.022357390522956,12.919029149770736,12.014966360107735,11.945455457642607
2025-12-29 20:00:00,13.31,11.877962967157362,12.774634726405143,11.87725600583774,11.870607200925003
2025-12-29 20:15:00,13.09,11.799728243350982,12.696400002598761,11.792093683268494,11.720292441568127
2025-12-29 20:30:00,12.86,11.727951644659042,12.62462340390682,11.711087135039268,11.552480389099173
2025-12-29 20:45:00,12.99,11.617465915679931,12.51413767492771,11.59434613228407,11.376910007906176
2025-12-29 21:00:00,12.71,11.504082944989204,12.400754704236984,11.480337537825223,11.257017569073476
2025-12-29 21:15:00,12.41,11.327262762188912,12.223934521436693,11.304353406701788,11.08889630730668
2025-12-29 21:30:00,12.35,11.15730681359768,12.053978572845459,11.135549739862748,10.930929579296096
2025-12-29 21:45:00,12.06,11.016337432265281,11.913009191513062,10.993968132904516,10.78359013434056
2025-12-29 22:00:00,11.97,10.823444102406501,11.720115861654282,10.795604633056183,10.533780972487046
2025-12-29 22:15:00,11.92,10.592036206722259,11.48870796597004,10.573549442457004,10.399685773178678
2025-12-29 22:30:00,11.54,10.418462774157524,11.315134533405303,10.40376132307816,10.265497633894963
2025-12-29 22:45:00,11.39,10.213396784067154,11.110068543314934,10.205052820754274,10.12657980854479
2025-12-29 23:00:00,11.2,9.980927627682686,10.877599386930466,9.982782177934434,10.00022378680678
2025-12-29 23:15:00,10.87,9.779948552548886,10.676620311796665,9.786000269770085,9.842915246691716
2025-12-29 23:30:00,10.58,9.606954568326474,10.503626327574253,9.613578132221868,9.675871192598942
2025-12-29 23:45:00,10.39,9.337260277867317,10.233932037115096,9.35305504565487,9.501601121297977
2025-12-30 00:00:00,10.07,9.178194279074669,10.074866038322448,9.168693474604321,9.07934064343229
2025-12-30 00:15:00,9.83,8.939449180662631,9.836120939910412,8.936106111846735,8.904665336022365
2025-12-30 00:30:00,9.5,8.73761791318655,9.634289672434331,8.73768028102481,8.738266835872857
2025-12-30 00:45:00,9.25,8.580749077796936,9.477420837044715,8.581191708150282,8.58535454250369
2025-12-30 01:00:00,8.9,8.352288303077222,9.248960062325,8.334271289223336,8.16482551206468
2025-12-30 01:15:00,9.01,8.176497896909714,9.073169656157493,8.16422082791325,8.048757881933005
2025-12-30 01:30:00,8.68,8.039205076396465,8.935876835644244,8.030838287955513,7.952150610785653
2025-12-30 01:45:00,8.38,7.866319340765476,8.762991100013256,7.86696749885627,7.873063273234128
2025-12-30 02:00:00,8.39,7.769737188220025,8.666408947467804,7.752268066925523,7.587975090407258
2025-12-30 02:15:00,8.06,7.545912707746029,8.442584466993809,7.544642845349482,7.532700088219322
2025-12-30 02:30:00,8.16,7.421483781933785,8.318155541181564,7.427376833598712,7.48279959828645
2025-12-30 02:45:00,7.91,7.313187787532806,8.209859546780585,7.324857899993398,7.434612562527967
2025-12-30 03:00:00,7.89,7.252020612061024,8.148692371308805,7.241919540563263,7.146921339199045
2025-12-30 03:15:00,7.64,7.205555257946253,8.102227017194032,7.195122926391376,7.0970093021121885
2025-12-30 03:30:00,7.62,7.12436792999506,8.02103968924284,7.116958080654544,7.047270190623776
2025-12-30 03:45:00,7.59,7.038360886573792,7.935032645821572,7.034735626571713,7.000640909021049
2025-12-30 04:00:00,7.59,7.03780142530799,7.934473184555769,7.020634780128931,6.859186520325034
2025-12-30 04:15:00,7.54,6.953301548957825,7.8499733082056045,6.941585093281441,6.831394583703645
2025-12-30 04:30:00,7.26,6.979335512071848,7.876007271319628,6.9639658425251705,6.8194177158417455
2025-12-30 04:45:00,7.32,7.035909728109837,7.932581487357616,7.015768723040706,6.826347308128533
2025-12-30 05:00:00,7.56,7.015939454883338,7.912611214131117,7.036489620856248,7.229759097821658
2025-12-30 05:15:00,7.31,7.088243323266506,7.984915082514286,7.106394591389844,7.2771029983720945
2025-12-30 05:30:00,7.54,7.211093446910382,8.107765206158161,7.223698938291559,7.342250619545305
2025-12-30 05:45:00,7.48,7.281335816383362,8.178007575631142,7.294807987111499,7.421510583754664
2025-12-30 06:00:00,7.43,7.375939425230026,8.272611184477807,7.346853452820004,7.073306724188917
2025-12-30 06:15:00,7.65,7.519527113586665,8.416198872834444,7.485643742856406,7.166978611514156
2025-12-30 06:30:00,8.0,7.675764675736428,8.572436434984208,7.6359493748232765,7.261495835477202
2025-12-30 06:45:00,7.87,7.815988344550133,8.712660103797912,7.771603127888726,7.354170605910315
2025-12-30 07:00:00,8.12,7.97505009829998,8.87172185754776,7.960407770055427,7.822700117226196
2025-12-30 07:15:00,8.42,8.13512358725071,9.031795346498491,8.113566820369282,7.910830498641708
2025-12-30 07:30:00,8.69,8.297454023957252,9.194125783205031,8.268848947599793,7.999824933222004
2025-12-30 07:45:00,8.84,8.505680448412896,9.402352207660677,8.466061839350552,8.093458140593551
2025-12-30 08:00:00,9.19,8.682702624499798,9.579374383747577,8.706041552239142,8.925538677618208
2025-12-30 08:15:00,9.81,8.872394130825997,9.769065890073776,8.888523531223555,9.040216747848227
2025-12-30 08:30:00,10.14,9.088121192157269,9.984792951405048,9.09592108694429,9.169277262649166
2025-12-30 08:45:00,10.36,9.326419853568078,10.223091612815857,9.325096741147647,9.31265318006886
2025-12-30 09:00:00,10.74,9.516957184672355,10.413628943920134,9.534073695362904,9.695050452095472
2025-12-30 09:15:00,11.13,10.158908122181893,10.784353802651168,10.129856949662617,9.856637505818018
2025-12-30 09:30:00,11.25,10.45221369445324,11.077659374922515,10.410425452904779,10.017416870977888
2025-12-30 09:45:00,11.31,10.505190413594246,11.13063609406352,10.472851835983235,10.168715120546251
2025-12-30 10:00:00,11.36,10.6943558883667,11.319801568835974,10.672374260175847,10.465642217773125
2025-12-30 10:15:00,11.68,10.84901553273201,11.474461213201284,10.822399642690286,10.572083457696237
2025-12-30 10:30:00,11.99,11.046046364307404,11.671492044776679,11.007617676921635,10.646204911627871
2025-12-30 10:45:00,12.19,11.210476682186126,11.8359223626554,11.159991480026472,10.685190029334938
2025-12-30 11:00:00,12.3,11.327107818126679,11.952553498595954,11.271968393383542,10.75339507410583
2025-12-30 11:15:00,12.4,11.557156592607498,12.182602273076773,11.477507550971657,10.728427050208394
2025-12-30 11:30:00,12.45,11.586953963041307,12.212399643510581,11.499961154684884,10.681814255386763
2025-12-30 11:45:00,12.56,11.739788239002229,12.365233919471503,11.632559693274338,10.62410044404442
2025-12-30 12:00:00,12.5,11.792247770428657,12.417693450897932,11.68776871836174,10.705167810250636
2025-12-30 12:15:00,11.98,11.811658228635789,12.437103909105064,11.701030593608873,10.660603709088445
2025-12-30 12:30:00,12.14,11.934147523641585,12.55959320411086,11.809625891681458,10.638529234285189
2025-12-30 12:45:00,12.16,12.035531173348426,12.6609768538177,11.90199718075222,10.646141391548703
2025-12-30 13:00:00,12.56,12.054791640043257,12.680237320512532,11.94054406143367,10.866072459036522
2025-12-30 13:15:00,12.77,12.200581974983214,12.826027655452489,12.079345182398741,10.939141666638639
2025-12-30 13:30:00,12.96,12.183168809413909,12.808614489883183,12.07327831532742,11.039784067954223
2025-12-30 13:45:00,13.05,12.252007838487623,12.877453518956898,12.147046132964384,11.159905982631011
2025-12-30 14:00:00,13.31,12.288302954435347,12.913748634904621,12.184959533176144,11.21303896567746
2025-12-30 14:15:00,13.55,12.357859395742416,12.98330507621169,12.260092988550142,11.34062292647147
2025-12-30 14:30:00,13.82,12.389852160811422,13.015297841280697,12.300126856222425,11.456281472621246
2025-12-30 14:45:00,13.9,12.402074346542356,13.027520027011631,12.320380728251939,11.552071464997585
2025-12-30 15:00:00,14.15,12.447472249269484,13.07291792973876,12.34958495789945,11.428978008564503
2025-12-30 15:15:00,14.17,12.442918733358383,13.339590492606163,12.349897470012927,11.475054369614726
2025-12-30 15:30:00,14.24,12.530094932317732,13.426766691565511,12.431013394065833,11.499174833729299
2025-12-30 15:45:00,14.14,12.54767719209194,13.44434895133972,12.447757903266883,11.508040495853619
2025-12-30 16:00:00,14.15,12.592562152147291,13.489233911395072,12.472438527327398,11.342704092543048
2025-12-30 16:15:00,14.09,12.788552948236465,13.685224707484245,12.650244369150236,11.349484717132707
2025-12-30 16:30:00,14.1,12.821215722560881,13.71788748180866,12.681739846780491,11.370002043937248
2025-12-30 16:45:00,14.0,12.790466047525404,13.687137806773183,12.657980828637951,11.411988509462514
2025-12-30 17:00:00,13.94,12.831411607861519,13.7280833671093,12.6759578824839,11.213952162643807
2025-12-30 17:15:00,13.73,12.935316812992095,13.831988572239876,12.778974322050441,11.308609971144692
2025-12-30 17:30:00,13.85,12.969540348052977,13.866212107300758,12.821222998143266,11.426333210891253
2025-12-30 17:45:00,13.8,12.959578647613524,13.856250406861303,12.825036044131396,11.559694506801037
2025-12-30 18:00:00,13.86,13.001386659145354,13.898058418393134,12.837692706919242,11.298189591915348
2025-12-30 18:15:00,14.19,12.980851264595984,13.877523023843764,12.83178298877681,11.429830919986395
2025-12-30 18:30:00,14.55,13.019109712839125,13.915781472086906,12.877157435867485,11.542129662343699
2025-12-30 18:45:00,14.54,13.01295723080635,13.90962899005413,12.879458351782471,11.623932797466933
2025-12-30 19:00:00,14.59,12.990060884952545,13.886732644200325,12.858364303312877,11.619788931941933
2025-12-30 19:15:00,14.4,12.97162041902542,13.868292178273201,12.841560404374507,11.618376560563602
2025-12-30 19:30:00,14.29,12.932008509635924,13.828680268883705,12.80127655317414,11.571773254692685
2025-12-30 19:45:00,13.91,12.832534421682357,13.729206180930138,12.702818564474166,11.482871440455995
2025-12-30 20:00:00,13.58,12.681722908616065,13.578394667863844,12.550946144410437,11.32102143963824
2025-12-30 20:15:00,13.24,12.60369689941406,13.500368658661841,12.465786199298654,11.168768505408735
2025-12-30 20:30:00,13.01,12.530966581106185,13.427638340353965,12.383734950712237,10.999056100112472
2025-12-30 20:45:00,12.8,12.415995256900786,13.312667016148566,12.26276064345126,10.82162514929381
2025-12-30 21:00:00,12.41,12.31884462237358,13.21551638162136,12.151622511406769,10.578937893374396
2025-12-30 21:15:00,12.3,12.111588897705078,13.008260656952856,11.947957374537564,10.409041390144628
2025-12-30 21:30:00,12.02,11.924595469832418,12.821267229080199,11.763587450352835,10.249344901018839
2025-12-30 21:45:00,12.04,11.786199291944504,12.682871051192283,11.624170036920175,10.10032300751278
2025-12-30 22:00:00,11.7,11.566872788071633,12.463544547319412,11.407344930841125,9.907022959281527
2025-12-30 22:15:00,11.46,11.323092007637024,12.219763766884803,11.173953919964815,9.771345287118415
2025-12-30 22:30:00,11.13,11.15734148144722,12.054013240695,11.0110898118426,9.635627261950566
2025-12-30 22:45:00,10.92,10.934463999271394,11.831135758519174,10.7961398551163,9.495233817287453
2025-12-30 23:00:00,10.92,10.700472287535668,11.597144046783448,10.566790426981848,9.309543974419908
2025-12-30 23:15:00,10.6,10.455927399396897,11.352599158644676,10.330498885720948,9.150873219112894
2025-12-30 23:30:00,10.37,10.277146006822587,11.173817766070368,10.152720319634895,8.98252600025431
2025-12-30 23:45:00,10.18,9.981709069311618,10.878380828559397,9.868809280120555,8.807013320164488
2025-12-31 00:00:00,9.91,9.826434955000877,10.723106714248658,9.70736763796636,8.587567529428483
2025-12-31 00:15:00,9.81,9.547085668444634,10.443757427692415,9.437971177177173,8.411775053778028
2025-12-31 00:30:00,9.24,9.354434659779072,10.25110641902685,9.24774214810512,8.244324173061326
2025-12-31 00:45:00,9.22,9.171546542048455,10.068218301296234,9.067640209991986,8.090425598858381
2025-12-31 01:00:00,8.93,8.922132589817048,9.818804349064827,8.811386384418697,7.7698443734461815
2025-12-31 01:15:00,8.92,8.735818368792534,9.632490128040313,8.63174182301839,7.6529263919093715
2025-12-31 01:30:00,8.7,8.58922961205244,9.48590137130022,8.489881751622042,7.555538493843626
2025-12-31 01:45:00,8.56,8.381585819721222,9.278257578969,8.294525277314568,7.475741355207068
2025-12-31 02:00:00,8.56,8.272616278529167,9.169288037776948,8.171839412428081,7.2240566924614456
2025-12-31 02:15:00,8.32,8.03208932340145,8.928761082649231,7.949062679501323,7.168216623954891
2025-12-31 02:30:00,8.28,7.902719167768955,8.799390927016734,7.8272831227481054,7.117824864126828
2025-12-31 02:45:00,7.97,7.779921045899392,8.676592805147171,7.7116158193664885,7.069221231243902
2025-12-31 03:00:00,7.98,7.709950359165669,8.606622118413448,7.623765957571784,6.81322193371402
2025-12-31 03:15:00,7.93,7.674439514875412,8.571111274123192,7.5868455620768716,6.763045040707659
2025-12-31 03:30:00,7.7,7.55874865591526,8.45542041516304,7.477475253658869,6.713118023357233
2025-12-31 03:45:00,7.74,7.47065057516098,8.36732233440876,7.3933521289967,6.666378425713555
2025-12-31 04:00:00,7.68,7.456993564963341,8.353665324211121,7.368374589889907,6.534933975141021
2025-12-31 04:15:00,7.75,7.354725885093212,8.251397644340992,7.273269232735695,6.50718857833884
2025-12-31 04:30:00,7.76,7.375607073754073,8.272278833001852,7.291004519101102,6.495337393625221
2025-12-31 04:45:00,7.44,7.441551337391139,8.338223096638918,7.351296617437098,6.502472206861924
2025-12-31 05:00:00,7.38,7.408440003544093,8.305111762791872,7.318262311215085,6.470162327334147
2025-12-31 05:15:00,7.44,7.473513325899839,8.370185085147618,7.381666764381432,6.5178714583418325
2025-12-31 05:30:00,7.44,7.60140249222517,8.49807425147295,7.503568676799047,6.583464656137448
2025-12-31 05:45:00,7.5,7.640856981277466,8.537528740525246,7.54689942277968,6.663250686718261
2025-12-31 06:00:00,7.5,7.75093412488699,8.64760588413477,7.6490384399470255,6.6907334919801835
2025-12-31 06:15:00,7.77,7.884652973115444,8.781324732363224,7.778974431171373,6.785092602921305
2025-12-31 06:30:00,7.72,8.021548174619674,8.918219933867455,7.911870482857332,6.880377591285315
2025-12-31 06:45:00,7.89,8.176396723389626,9.073068482637407,8.060825041301422,6.973900557156372
2025-12-31 07:00:00,8.01,8.32221889615059,9.218890655398368,8.21932836823397,7.251667156088318
2025-12-31 07:15:00,8.29,8.477188074886799,9.373859834134578,8.367970606962182,7.3408060123256496
2025-12-31 07:30:00,8.58,8.634354063272477,9.531025822520256,8.518689226428446,7.430888643717601
2025-12-31 07:45:00,8.84,8.845229394435883,9.741901153683663,8.718408652583804,7.525689407472701
2025-12-31 08:00:00,9.28,9.035431013405324,9.932102772653103,8.989049562267414,8.55284292461117
2025-12-31 08:15:00,9.96,9.227388311326504,10.124060070574284,9.173706907561233,8.668845932610468
2025-12-31 08:30:00,10.31,9.43867081284523,10.335342572093008,9.37722189550029,8.799309282482795
2025-12-31 08:45:00,10.88,9.684164114296436,10.580835873544217,9.613042968397867,8.944165321029116
2025-12-31 09:00:00,11.27,9.867983665168286,10.764655424416066,9.821665361541418,9.386052611372362
2025-12-31 09:15:00,11.9,10.0344073843956,10.659853064864874,9.987781140074107,9.54927228010891
2025-12-31 09:30:00,12.33,10.349133442640305,10.97457912310958,10.28787553727378,9.711759346981593
2025-12-31 09:45:00,12.49,10.407599002122879,11.033044682592154,10.355434490754792,9.864839531981369
2025-12-31 10:00:00,12.61,10.601600288152694,11.227045968621969,10.554217516872843,10.1085936988219
2025-12-31 10:15:00,12.89,10.760364888906478,11.385810569375753,10.708138591205806,10.216962546508393
2025-12-31 10:30:00,12.95,10.974796150922776,11.60024183139205,10.909276820590714,10.293082930911444
2025-12-31 10:45:00,13.19,11.148545752763749,11.773991433233023,11.070273100380666,10.334137216771948
2025-12-31 11:00:00,13.19,11.268548867702485,11.89399454817176,11.203459660405304,10.59131097669137
2025-12-31 11:15:00,13.29,11.522159044742585,12.14760472521186,11.430507772635673,10.56854911757331
2025-12-31 11:30:00,13.36,11.528353269696236,12.15379895016551,11.431845164522365,10.524209136936747
2025-12-31 11:45:00,13.44,11.700502490401268,12.325948170870543,11.58212701218887,10.468833485031952
2025-12-31 12:00:00,13.53,11.735466785430908,12.360912465900183,11.612734452698028,10.458465733637638
2025-12-31 12:15:00,13.34,11.749137945771217,12.374583626240492,11.621045517559963,10.416366361379254
2025-12-31 12:30:00,13.51,11.871129863262176,12.496575543731451,11.72943400007897,10.396817737919259
2025-12-31 12:45:00,13.49,11.976992033123969,12.602437713593243,11.82610186823965,10.407015361353988
2025-12-31 13:00:00,13.42,11.989768904447555,12.61521458491683,11.870131497454112,10.744969826954623
2025-12-31 13:15:00,13.81,12.144333035349845,12.76977871581912,12.017122661234044,10.820739016335725
2025-12-31 13:30:00,14.07,12.12599798798561,12.751443668454884,12.010487276587881,10.924136207444647
2025-12-31 13:45:00,14.02,12.17940204143524,12.804847721904515,12.070573438453765,11.047066027134889
2025-12-31 14:00:00,13.96,12.212787180542945,12.83823286101222,12.101455002527796,11.054402056932478
2025-12-31 14:15:00,14.28,12.294730656743049,12.920176337212324,12.188064549581807,11.18489490276893
2025-12-31 14:30:00,14.58,12.318939428329466,12.944385108798741,12.221346706689957,11.303510116379027
2025-12-31 14:45:00,14.46,12.325181056261062,12.950626736730337,12.236483389788487,11.40230270094125
2025-12-31 15:00:00,14.66,12.367021613121032,12.992467293590307,12.253292795012479,11.183700013099665
2025-12-31 15:15:00,14.69,12.352002651691436,13.248674410939216,12.24444254979289,11.232865092769812
2025-12-31 15:30:00,14.87,12.440098609924314,13.336770369172093,12.326690548338075,11.260114406066164
2025-12-31 15:45:00,14.8,12.457339851260183,13.354011610507964,12.34343119214231,11.272147047840784
2025-12-31 16:00:00,14.96,12.506247696876525,13.402919456124305,12.374300094480645,11.13336393194506
2025-12-31 16:15:00,14.73,12.720783669948577,13.617455429196358,12.569179858253184,11.143381670980308
2025-12-31 16:30:00,15.01,12.730395154356955,13.627066913604736,12.580153689858662,11.16716805750995
2025-12-31 16:45:00,15.15,12.710047956705091,13.60671971595287,12.566114424343393,11.212453409926255
2025-12-31 17:00:00,15.35,12.748808027505873,13.645479786753654,12.592926503700173,11.126897440274892
2025-12-31 17:15:00,15.27,12.85662645459175,13.753298213839528,12.699802234575616,11.224907335041387
2025-12-31 17:30:00,15.09,12.88894255042076,13.785614309668539,12.740651205313448,11.346005987110901
2025-12-31 17:45:00,14.99,12.885099371671675,13.781771130919456,12.750321162693462,11.482763811093827
2025-12-31 18:00:00,15.13,12.935115880966185,13.831787640213964,12.765642118429778,11.171781247040721
2025-12-31 18:15:00,15.13,12.91507078886032,13.8117425481081,12.760505433956187,11.3068546294481
2025-12-31 18:30:00,15.09,12.951814464330672,13.848486223578451,12.804841928766603,11.422599804095043
2025-12-31 18:45:00,15.14,12.950550149083137,13.847221908330916,12.811893609775279,11.507861473723903
2025-12-31 19:00:00,15.03,12.92301326394081,13.81968502318859,12.77397236627847,11.372277782612898
2025-12-31 19:15:00,14.75,12.909331490993498,13.806003250241279,12.761803867998928,11.374341276616576
2025-12-31 19:30:00,14.47,12.855010508298873,13.751682267546652,12.708559195276242,11.331219045999871
2025-12-31 19:45:00,13.98,12.770154932737348,13.66682669198513,12.623649580352366,11.245801203584735
2025-12-31 20:00:00,13.49,12.591096904873847,13.487768664121628,12.444877179096014,11.06971505338076
2025-12-31 20:15:00,13.01,12.511130911111831,13.407802670359612,12.35829843288862,10.920944925940512
2025-12-31 20:30:00,12.7,12.445423308610915,13.342095067858693,12.282929289313385,10.75471126124291
2025-12-31 20:45:00,12.42,12.309204837679863,13.205876596927641,12.143083621698693,10.580752662043054
2025-12-31 21:00:00,11.78,12.214877156615255,13.111548915863036,12.032296292446238,10.315166213382335
2025-12-31 21:15:00,11.71,11.980528861284254,12.877200620532033,11.804474277092831,10.148722326043186
2025-12-31 21:30:00,11.26,11.795246893167496,12.691918652415275,11.621981873009254,9.99246511550331
2025-12-31 21:45:00,11.16,11.646744683384895,12.543416442632676,11.473758761691782,9.846866859598123
2025-12-31 22:00:00,10.78,11.435126469731332,12.33179822897911,11.266233278638847,9.67783254511222
2025-12-31 22:15:00,10.14,11.156299323439598,12.052971082687378,11.001489579720841,9.54554035589873
2025-12-31 22:30:00,10.09,10.993968179225922,11.8906399384737,10.842039434022858,9.413185323544369
2025-12-31 22:45:00,9.66,10.74827359199524,11.64494535124302,10.606786158164384,9.276130125034744
2025-12-31 23:00:00,9.35,10.498435842990876,11.395107602238657,10.35240836108059,8.979054243718156
2025-12-31 23:15:00,9.11,10.24600967913866,11.14268143838644,10.109308449173813,8.823665537546583
2025-12-31 23:30:00,8.72,10.057648993730545,10.954320752978326,9.92318367233067,8.658568954804844
2025-12-31 23:45:00,8.52,9.759440397024155,10.656112156271934,9.637076546500008,8.48627331593481
2026-01-01 00:00:00,8.19,9.586568104028702,10.48323986327648,9.482814987649338,8.507041333918012
2026-01-01 00:15:00,7.99,9.29936407327652,10.196035832524299,9.206620812098274,8.334392256688298
2026-01-01 00:30:00,7.99,9.099569011330605,9.996240770578385,9.010232610690354,8.170044777245375
2026-01-01 00:45:00,8.21,8.917140419483186,9.813812178730966,8.830840256732357,8.019207526423997
2026-01-01 01:00:00,8.21,8.653316669464111,9.549988428711892,8.57271616973685,7.814687429435021
2026-01-01 01:15:00,8.06,8.468157100081443,9.364828859329222,8.394400833131744,7.700740492135905
2026-01-01 01:30:00,8.13,8.318047434091568,9.214719193339349,8.249639166389972,7.606275500314173
2026-01-01 01:45:00,8.13,8.106797477900981,9.00346923714876,8.051299221585852,7.529351175781404
2026-01-01 02:00:00,7.9,8.004306933283805,8.900978692531584,7.903604353796113,6.956520281954017
2026-01-01 02:15:00,7.84,7.744893075227737,8.641564834475517,7.664021861904722,6.90344712391469
2026-01-01 02:30:00,7.85,7.606824119389057,8.503495878636837,7.534640115450115,6.855766538227455
2026-01-01 02:45:00,7.56,7.4852296440303325,8.381901403278112,7.420315816606244,6.809816539344204
2026-01-01 03:00:00,7.62,7.429114423245192,8.325786182492973,7.342160426462756,6.524378540888334
2026-01-01 03:15:00,7.54,7.3934330697357655,8.290104828983544,7.305329385098537,6.476734955690539
2026-01-01 03:30:00,7.49,7.283232112377882,8.179903871625662,7.2011587945342885,6.429278546298944
2026-01-01 03:45:00,7.44,7.175389453172684,8.072061212420465,7.099420005951454,6.38494522510764
2026-01-01 04:00:00,7.41,7.168764356374741,8.065436115622521,7.0887031356088945,6.335746187084725
2026-01-01 04:15:00,7.4,7.054075858145953,7.950747617393732,6.982589171086203,6.310273695082693
2026-01-01 04:30:00,7.33,7.072741134464741,7.969412893712521,6.998533338273443,6.300626470973467
2026-01-01 04:45:00,7.34,7.1434269340336325,8.040098693281411,7.063316322078716,6.309894861039616
2026-01-01 05:00:00,7.34,7.106138654947281,8.00281041419506,7.031595189546715,6.330531432292945
2026-01-01 05:15:00,7.2,7.1807408602535725,8.077412619501352,7.103803839570234,6.380229257917327
2026-01-01 05:30:00,7.13,7.324703881144524,8.221375640392303,7.240418734497743,6.447736756656281
2026-01-01 05:45:00,7.37,7.36373811095953,8.26040987020731,7.283546327176183,6.52936146418472
2026-01-01 06:00:00,7.19,7.482465944290161,8.37913770353794,7.387721780486975,6.496675206561207
2026-01-01 06:15:00,7.45,7.63166646361351,8.52833822286129,7.53181334718022,6.592718275545828
2026-01-01 06:30:00,7.42,7.77834472000599,8.67501647925377,7.67370646004699,6.689608239161277
2026-01-01 06:45:00,7.36,7.920180797576904,8.816852556824685,7.811045739611164,6.784656191252605
2026-01-01 07:00:00,7.31,8.089315684139729,8.985987443387508,7.971477705724356,6.863239237722546
2026-01-01 07:15:00,7.75,8.246219187378884,9.142890946626665,8.121999284338793,6.953740316459845
2026-01-01 07:30:00,7.75,8.420094725489616,9.316766484737396,8.287944480658782,7.045102513689984
2026-01-01 07:45:00,8.13,8.649277157485486,9.545948916733266,8.50432647630716,7.1410994165332795
2026-01-01 08:00:00,8.58,8.844156106114388,9.740827865362167,8.798572156353615,8.369865831553305
2026-01-01 08:15:00,9.13,9.04928152680397,9.94595328605175,8.995230764334401,8.486896057653867
2026-01-01 08:30:00,9.52,9.28013933569193,10.176811094939708,9.216530201199342,8.618301254055506
2026-01-01 08:45:00,9.86,9.544528030157089,10.44119978940487,9.469512899603682,8.764013242537114
2026-01-01 09:00:00,10.25,9.741236238479614,10.637907997727392,9.686079043286535,9.167338597107262
2026-01-01 09:15:00,10.69,9.823756332993508,10.449202013462783,9.776420785634045,9.331241097445886
2026-01-01 09:30:00,11.14,10.147017757296563,10.772463437765838,10.084287472486189,9.494323899871999
2026-01-01 09:45:00,11.48,10.203650873303413,10.829096553772688,10.150238957209979,9.64791245042132
2026-01-01 10:00:00,11.83,10.40992457807064,11.035370258539915,10.377336257076104,10.070850763864133
2026-01-01 10:15:00,12.11,10.562655557990075,11.18810123845935,10.525835610871196,10.179552669364032
2026-01-01 10:30:00,12.33,10.781834900379181,11.407280580848456,10.731289154152474,10.255918300752064
2026-01-01 10:45:00,12.66,10.953732248544693,11.579177929013968,10.890626329282037,10.297130003004526
2026-01-01 11:00:00,12.77,11.078031346797943,11.703477027267217,11.022572834159648,10.500998568286946
2026-01-01 11:15:00,13.04,11.352969326376915,11.97841500684619,11.268897203022998,10.47821865914152
2026-01-01 11:30:00,13.09,11.316019766330719,11.941465446799993,11.231227205787382,10.433773119607652
2026-01-01 11:45:00,13.28,11.496127734780313,12.121573415249587,11.388684354209051,10.378204633812757
2026-01-01 12:00:00,13.25,11.523268415927888,12.148714096397162,11.42081366141653,10.457250795640492
2026-01-01 12:15:00,13.15,11.51035287320614,12.135798553675414,11.40505804874302,10.414784993139547
2026-01-01 12:30:00,13.5,11.647424597740173,12.272870278209448,11.527033519019987,10.394783743216479
2026-01-01 12:45:00,13.39,11.758463597297668,12.383909277766943,11.628328933134503,10.404443028220651
2026-01-01 13:00:00,13.39,11.765364621877671,12.390810302346946,11.661443349725296,10.684088230504045
2026-01-01 13:15:00,13.32,11.93689194381237,12.562337624281644,11.823699323566892,10.75914935642665
2026-01-01 13:30:00,13.5,11.911158494353293,12.536604174822568,11.810300481267475,10.861754592997627
2026-01-01 13:45:00,13.61,11.980606687068938,12.606052367538213,11.884804675772692,10.983809295011861
2026-01-01 14:00:00,13.71,12.004168089628218,12.629613770097492,11.903551611021097,10.957277297707305
2026-01-01 14:15:00,13.82,12.110449811220168,12.735895491689442,12.012060399024229,11.086731121435378
2026-01-01 14:30:00,13.82,12.147049155235289,12.772494835704563,12.056434663954912,11.204226688684443
2026-01-01 14:45:00,14.1,12.152946934700012,12.778392615169286,12.071145280497577,11.301819964903958
2026-01-01 15:00:00,14.28,12.210110681056975,12.83555636152625,12.117449665733819,11.245994613244314
2026-01-01 15:15:00,14.2,12.201908550858496,13.098580310106275,12.114630808651784,11.293804173516577
2026-01-01 15:30:00,14.25,12.311165339946745,13.207837099194524,12.215868249378795,11.319621529295224
2026-01-01 15:45:00,14.2,12.321355565190315,13.218027324438093,12.226090691108952,11.330146959503468
2026-01-01 16:00:00,14.05,12.384985219240187,13.281656978487966,12.265479424882407,11.14155554026213
2026-01-01 16:15:00,14.05,12.580451045036314,13.477122804284093,12.44296290830143,11.149919323605861
2026-01-01 16:30:00,14.16,12.59451345682144,13.49118521606922,12.457794067148914,11.17198036774268
2026-01-01 16:45:00,14.01,12.598401916027068,13.495073675274849,12.46548862439704,11.215470381773097
2026-01-01 17:00:00,13.96,12.645648534893988,13.542320294141767,12.483735606760368,10.960982604396552
2026-01-01 17:15:00,13.8,12.739286396503447,13.635958155751226,12.57760807913506,11.057061535830842
2026-01-01 17:30:00,13.51,12.769784198999403,13.666455958247184,12.61662162933425,11.176163690021987
2026-01-01 17:45:00,13.49,12.755222287178038,13.651894046425816,12.616404999352996,11.310861061310348
2026-01-01 18:00:00,13.39,12.800045694112777,13.696717453360556,12.6222391472178,10.950010399054921
2026-01-01 18:15:00,13.45,12.771335762143133,13.668007521390912,12.609060548244768,11.082900333483922
2026-01-01 18:30:00,13.74,12.791678007245062,13.688349766492841,12.638356434066566,11.196403104113658
2026-01-01 18:45:00,13.86,12.784725334644316,13.681397093892095,12.640045449464486,11.279365162357196
2026-01-01 19:00:00,13.83,12.732310376167296,13.628982135415075,12.615582060678841,11.517779711478978
2026-01-01 19:15:00,13.46,12.70607530415058,13.602747063398361,12.59183526590136,11.51743457881974
2026-01-01 19:30:00,13.17,12.599440536499023,13.496112295746801,12.491068211483713,11.471851987106485
2026-01-01 19:45:00,12.92,12.51774115025997,13.41441290950775,12.408770190241833,11.383923944479756
2026-01-01 20:00:00,12.8,12.29613859593868,13.19281035518646,12.20177492371939,11.314306783637228
2026-01-01 20:15:00,12.44,12.190742673277853,13.087414432525634,12.091960038435614,11.16293259435597
2026-01-01 20:30:00,12.22,12.113336440324781,13.01000819957256,12.005762116613072,10.99405090678257
2026-01-01 20:45:00,12.05,11.934475099444388,12.831146858692168,11.827113445220355,10.817402341895283
2026-01-01 21:00:00,11.76,11.810834690332413,12.707506449580194,11.706322674502156,10.723411749950886
2026-01-01 21:15:00,11.72,11.53682637512684,12.43349813437462,11.442386354103384,10.554200171477557
2026-01-01 21:30:00,11.5,11.337048293352128,12.233720052599907,11.24652161850208,10.395139536101826
2026-01-01 21:45:00,11.09,11.144185386300087,12.040857145547868,11.057928640579819,10.246704237230913
2026-01-01 22:00:00,11.07,10.943147941827775,11.839819701075555,10.859293082636768,10.070657857100457
2026-01-01 22:15:00,10.74,10.611167199611664,11.507838958859445,10.54622585792144,9.935467815458559
2026-01-01 22:30:00,10.5,10.423466972112656,11.320138731360437,10.363563724787562,9.800187774719198
2026-01-01 22:45:00,10.27,10.150198709368706,11.046870468616486,10.103103352414026,9.660182598482919
2026-01-01 23:00:00,10.18,9.873874015808106,10.770545775055886,9.824283580918912,9.357897205930211
2026-01-01 23:15:00,9.74,9.616577019095422,10.5132487783432,9.576493285100815,9.199515195767102
2026-01-01 23:30:00,9.51,9.415249142944813,10.311920902192593,9.378358143726985,9.031406973942753
2026-01-01 23:45:00,9.56,9.104024183750152,10.000695942997933,9.080194659659355,8.856083590997711
2026-01-02 00:00:00,9.31,8.911293226778508,9.807964986026288,8.90685679182941,8.865133164714502
2026-01-02 00:15:00,8.96,8.619718570709228,9.516390329957009,8.626418604749823,8.689430848854471
2026-01-02 00:30:00,8.63,8.393417461514472,9.290089220762251,8.40577749947404,8.522020749035491
2026-01-02 00:45:00,8.64,8.21415213406086,9.110823893308641,8.228949355465355,8.368113742028356
2026-01-02 01:00:00,8.42,7.936577982902527,8.833249742150308,7.941971887373855,7.99270029012005
2026-01-02 01:15:00,8.22,7.744050434231759,8.640722193479538,7.756700948496249,7.875676059376845
2026-01-02 01:30:00,8.14,7.613708517551422,8.510380276799202,7.629511359097723,7.778133366542676
2026-01-02 01:45:00,7.86,7.4033705380558965,8.300042297303676,7.431700119310733,7.698133167052976
2026-01-02 02:00:00,7.83,7.322792550623417,8.219464309871196,7.350395943395986,7.609999359283619
2026-01-02 02:15:00,7.55,7.0431597305834295,7.939831489831209,7.092243100434814,7.553860648019692
2026-01-02 02:30:00,7.53,6.908441882282496,7.8051136415302755,6.96559657203709,7.503122984697331
2026-01-02 02:45:00,7.31,6.776704407781363,7.673376167029143,6.841811326049564,7.4541265772797765
2026-01-02 03:00:00,7.26,6.743636939376593,7.640308698624373,6.787649586369227,7.201578178252284
2026-01-02 03:15:00,7.29,6.716892639100552,7.613564398348331,6.758606547588882,7.150916044570574
2026-01-02 03:30:00,7.25,6.632209695279599,7.528881454527379,6.6772129758923215,7.10045824394584
2026-01-02 03:45:00,7.03,6.491783502548933,7.388455261796713,6.5457356412886964,7.053142814989631
2026-01-02 04:00:00,6.98,6.5294004186987875,7.426072177946567,6.574070484504109,6.9941819456760355
2026-01-02 04:15:00,7.03,6.403062284886837,7.299734044134617,6.457144230368383,6.96577220594137
2026-01-02 04:30:00,6.97,6.437775061130524,7.334446820378304,6.487313730583323,6.953213263819506
2026-01-02 04:45:00,6.69,6.525989526808262,7.422661286056042,6.5676635080014085,6.959597498163983
2026-01-02 05:00:00,6.77,6.541642060875893,7.438313820123673,6.606022080220219,7.21150101805962
2026-01-02 05:15:00,6.8,6.6012138077616695,7.497885567009449,6.664373524084872,7.258375799062144
2026-01-02 05:30:00,6.88,6.774953504502774,7.6716252637505535,6.827635160473854,7.323093742590632
2026-01-02 05:45:00,7.16,6.838950354754925,7.735622114002704,6.893061519768776,7.4019642981697995
2026-01-02 06:00:00,7.13,6.9847933989763265,7.881465158224106,7.040608405320792,7.565535410642118
2026-01-02 06:15:00,7.39,7.204698997437954,8.101370756685734,7.248352242165123,7.658900740283566
2026-01-02 06:30:00,7.7,7.362688347250224,8.259360106498004,7.400215918906324,7.753153902731736
2026-01-02 06:45:00,7.59,7.522895731925964,8.419567491173744,7.553911525032547,7.845607763363596
2026-01-02 07:00:00,7.57,7.71202512383461,8.60869688308239,7.764684750195171,8.259936149007034
2026-01-02 07:15:00,8.13,7.903835614025593,8.800507373273373,7.9465177993819305,8.347933712539739
2026-01-02 07:30:00,8.23,8.099290827214718,8.995962586462497,8.13173263242154,8.436840179114927
2026-01-02 07:45:00,8.41,8.376792812645435,9.273464571893214,8.391558925480199,8.53043074326255
2026-01-02 08:00:00,9.2,8.569792622327805,9.466464381575584,8.618019755327555,9.071584596735164
2026-01-02 08:15:00,9.82,8.796568468809127,9.693240228056908,8.83402663844751,9.186311912621695
2026-01-02 08:30:00,10.17,9.058236798346043,9.954908557593821,9.082959254910763,9.315468143445413
2026-01-02 08:45:00,10.61,9.319742754995824,10.216414514243603,9.33312544868803,9.458986534855923
2026-01-02 09:00:00,10.91,9.543953888118267,10.440625647366048,9.580709928802806,9.926391845327712
2026-01-02 09:15:00,11.37,9.213028392791749,9.838474073261024,9.29714246819464,10.088215561228347
2026-01-02 09:30:00,11.76,9.484326248168946,10.10977192863822,9.557845706959245,10.249278922920244
2026-01-02 09:45:00,12.0,9.564351318776607,10.189796999245882,9.644752682867649,10.400908599353455
2026-01-02 10:00:00,11.96,9.762328441143037,10.387774121612312,9.862260110378312,10.802093952637403
2026-01-02 10:15:00,12.02,9.87036973297596,10.495815413445234,9.970188601052355,10.908961574946373
2026-01-02 10:30:00,12.38,10.072363727092743,10.697809407562017,10.159938327066072,10.983556839666537
2026-01-02 10:45:00,12.47,10.231395411789418,10.856841092258692,10.30748244545567,11.023063099155094
2026-01-02 11:00:00,12.52,10.349657705426216,10.97510338589549,10.423592410848869,11.118930923708795
2026-01-02 11:15:00,12.48,10.566672075986862,11.192117756456136,10.617409036757268,11.094578217961814
2026-01-02 11:30:00,12.58,10.487529266774654,11.112974947243929,10.54145631230344,11.048627490257802
2026-01-02 11:45:00,12.55,10.643241328001022,11.268687008470296,10.67672414904774,10.991622204837466
2026-01-02 12:00:00,12.68,10.648114637136459,11.273560317605734,10.67503748584753,10.928240544920968
2026-01-02 12:15:00,12.39,10.604914959073067,11.230360639542342,10.631783597912118,10.884476825890971
2026-01-02 12:30:00,12.55,10.729806240797043,11.355251921266317,10.74263130680684,10.863248035792287
2026-01-02 12:45:00,12.6,10.811976826786996,11.43742250725627,10.817721682641938,10.871750700596822
2026-01-02 13:00:00,12.48,10.779872275590897,11.405317956060172,10.803238067120901,11.022987840131965
2026-01-02 13:15:00,12.7,10.929468998908996,11.554914679378271,10.945573791327403,11.097035575696697
2026-01-02 13:30:00,12.81,10.891088151931763,11.516533832401038,10.920652631806687,11.198699610585988
2026-01-02 13:45:00,12.72,10.936619065999984,11.56206474646926,10.9734547411174,11.319885600751112
2026-01-02 14:00:00,12.76,10.924118829965591,11.549564510434866,10.973417466017688,11.437059541583258
2026-01-02 14:15:00,12.95,11.046487848758698,11.671933529227973,11.096397909645022,11.565790291951213
2026-01-02 14:30:00,13.04,11.056068202853202,11.681513883322477,11.116287498804422,11.682635811857459
2026-01-02 14:45:00,12.99,11.057751362323762,11.683197042793037,11.127133109646596,11.7796521225688
2026-01-02 15:00:00,13.15,11.100080806612969,11.725526487082243,11.161340651919057,11.737475086886482
2026-01-02 15:15:00,13.04,11.076543459296227,11.973215218544006,11.144619030816443,11.784853767566386
2026-01-02 15:30:00,13.22,11.174354197978973,12.071025957226752,11.235476091768112,11.810313125168934
2026-01-02 15:45:00,13.47,11.154477492570877,12.051149251818657,11.218493909241625,11.820553249466174
2026-01-02 16:00:00,13.39,11.250837841629982,12.147509600877761,11.277313374959254,11.52630953808874
2026-01-02 16:15:00,13.59,11.351503371596337,12.248175130844118,11.369094275543388,11.534532589261982
2026-01-02 16:30:00,13.63,11.34019457757473,12.236866336822509,11.360986021591964,11.556524661808474
2026-01-02 16:45:00,13.49,11.40420911550522,12.300880874752998,11.42302817799264,11.600017033883999
2026-01-02 17:00:00,13.6,11.433277753591538,12.329949512839317,11.44545570938127,11.559986518966555
2026-01-02 17:15:00,13.61,11.503321667313577,12.399993426561355,11.518015634281657,11.6562089371587
2026-01-02 17:30:00,13.61,11.50992483139038,12.40659659063816,11.535451542854139,11.775524259529563
2026-01-02 17:45:00,13.53,11.509147281050682,12.40581904029846,11.547721582522998,11.910503814047944
2026-01-02 18:00:00,13.54,11.522672694921493,12.419344454169273,11.560093651333025,11.912028943862351
2026-01-02 18:15:00,13.98,11.505841807723046,12.402513566970825,11.557692576840681,12.045336863550089
2026-01-02 18:30:00,14.3,11.478899228572846,12.375570987820627,11.544294754554102,12.15932429343649
2026-01-02 18:45:00,14.38,11.48634078860283,12.383012547850608,11.559047478345757,12.242836792603663
2026-01-02 19:00:00,14.17,11.410361597537994,12.307033356785773,11.491626659884348,12.255905455293874
2026-01-02 19:15:00,14.06,11.350229151248932,12.246900910496713,11.437305630256011,12.256239432341733
2026-01-02 19:30:00,13.84,11.213314493298531,12.10998625254631,11.309240183044485,12.211398730531965
2026-01-02 19:45:00,13.72,11.201927873492242,12.098599632740022,11.290574411780861,12.124274252084863
2026-01-02 20:00:00,13.36,10.906825940608979,11.80349769985676,11.040574884372873,12.298452238745591
2026-01-02 20:15:00,13.03,10.80763202548027,11.70430378472805,10.936454679780558,12.148001440557753
2026-01-02 20:30:00,13.01,10.752232801914214,11.648904561161995,10.870243004206584,11.980101197259378
2026-01-02 20:45:00,12.6,10.542933796644212,11.43960555589199,10.664181807188902,11.80449082522602
2026-01-02 21:00:00,12.55,10.365962914824486,11.262634674072267,10.476737190400614,11.51854319479217
2026-01-02 21:15:00,12.26,10.109592044949531,11.00626380419731,10.228853478313791,11.350479205270975
2026-01-02 21:30:00,12.31,9.960064657330513,10.856736416578293,10.078525197810272,11.19261871558253
2026-01-02 21:45:00,11.93,9.724874782264234,10.621546541512014,9.851793543063422,11.04543463331511
2026-01-02 22:00:00,11.91,9.545240489840507,10.441912249088286,9.66514487786538,10.79281744216357
2026-01-02 22:15:00,11.63,9.245186360776424,10.141858120024203,9.381065431904396,10.658976133066997
2026-01-02 22:30:00,11.57,9.012242113351823,9.908913872599602,9.157641755652646,10.5250911891746
2026-01-02 22:45:00,11.28,8.7881328612566,9.68480462050438,8.94175411082033,10.38652582668355
2026-01-02 23:00:00,11.01,8.494447711408139,9.39111947065592,8.652393883919204,10.13784048275169
2026-01-02 23:15:00,10.36,8.268700226545334,9.165371985793115,8.433267368836187,9.980982630998696
2026-01-02 23:30:00,10.08,8.084815585017205,8.981487344264984,8.25104928454893,9.814438125538059
2026-01-02 23:45:00,9.86,7.790113039910794,8.686784799158573,7.967974167071291,9.64071622979247
2026-01-03 00:00:00,9.79,7.605491529703141,8.502163288950921,7.724279015499217,8.841447377064183
2026-01-03 00:15:00,9.51,7.388354760408402,8.285026519656181,7.511285155564995,8.667416605130207
2026-01-03 00:30:00,9.32,7.136780788898468,8.033452548146247,7.267963907227268,8.501710276941319
2026-01-03 00:45:00,8.99,7.009631675034762,7.906303434282542,7.138409760903231,8.349537366062988
2026-01-03 01:00:00,8.85,6.761504147648812,7.658175906896592,6.933173064239723,8.547678843145896
2026-01-03 01:15:00,8.8,6.618834980428219,7.515506739675999,6.79314056143301,8.4324435489299
2026-01-03 01:30:00,8.47,6.52323732405901,7.4199090833067896,6.697530254163647,8.336714262920461
2026-01-03 01:45:00,8.19,6.343948648869992,7.240620408117771,6.527960622201814,8.258549946302475
2026-01-03 02:00:00,8.14,6.310380796045065,7.207052555292845,6.470384332605796,7.975179956372225
2026-01-03 02:15:00,7.9,6.077248174846172,6.973919934093952,6.254442747697121,7.920916023930374
2026-01-03 02:30:00,8.0,5.958498055040836,6.855169814288616,6.142411052034828,7.872069526960368
2026-01-03 02:45:00,7.89,5.8382076922059065,6.734879451453686,6.029155874690001,7.8249786142652376
2026-01-03 03:00:00,7.74,5.854815714657307,6.751487473905087,6.015092610312421,7.522459112059337
2026-01-03 03:15:00,7.71,5.819622894823551,6.716294654071331,5.978598330375449,7.473724905993713
2026-01-03 03:30:00,7.74,5.829080319553614,6.725752078801394,5.98248338384263,7.425203118520825
2026-01-03 03:45:00,7.5,5.657915948778391,6.554587708026171,5.823408757165212,7.379829691216142
2026-01-03 04:00:00,7.57,5.748990335166455,6.645662094414234,5.899939615764513,7.319582092032102
2026-01-03 04:15:00,7.57,5.628489488959312,6.525161248207092,5.788476818666696,7.29312002078973
2026-01-03 04:30:00,7.46,5.717677661329508,6.6143494205772875,5.868073253500381,7.282508420354272
2026-01-03 04:45:00,7.56,5.794305636435747,6.690977395683527,5.938137040475599,7.290837562049369
2026-01-03 05:00:00,7.43,5.852187148779631,6.748858908027411,5.984125658539889,7.224976306976294
2026-01-03 05:15:00,7.42,5.902089218795299,6.798760978043079,6.033922626316103,7.273784812913609
2026-01-03 05:30:00,7.41,6.097535057514906,6.994206816762686,6.216989241416562,7.340427741837294
2026-01-03 05:45:00,7.41,6.209887367188931,7.106559126436711,6.326307595088632,7.421212452987595
2026-01-03 06:00:00,7.64,6.342880313098431,7.239552072346211,6.433785322851209,7.288725556016012
2026-01-03 06:15:00,7.67,6.636186239123345,7.532857998371124,6.708056283684039,7.3839771468068385
2026-01-03 06:30:00,7.67,6.788896701335907,7.685568460583687,6.855328075993118,7.480099528010464
2026-01-03 06:45:00,7.56,6.948595565259457,7.845267324507237,7.008741850917374,7.574403519336084
2026-01-03 07:00:00,7.83,7.160667114108801,8.057338873356581,7.214097818749176,7.71660102740216
2026-01-03 07:15:00,8.1,7.3588288958370685,8.255500655084848,7.401845300840423,7.806404471160022
2026-01-03 07:30:00,8.15,7.575103037059307,8.471774796307088,7.606049306517529,7.897091691289781
2026-01-03 07:45:00,8.44,7.885614829063416,8.782286588311194,7.89588138301662,7.992435907947885
2026-01-03 08:00:00,8.69,8.044812777936459,8.941484537184238,8.059479359886991,8.197415113115754
2026-01-03 08:15:00,9.22,8.238791423738004,9.135463182985784,8.246003948305479,8.313836045262438
2026-01-03 08:30:00,9.44,8.532191094458103,9.428862853705883,8.523777825092555,8.444653005760571
2026-01-03 08:45:00,9.94,8.786168113946914,9.682839873194695,8.767294957730126,8.58979736303849
2026-01-03 09:00:00,10.54,9.012157920002938,9.908829679250719,9.022978143565485,9.124739800933064
2026-01-03 09:15:00,10.83,8.615593096613884,9.241038777083158,8.680228997172517,9.288114437641608
2026-01-03 09:30:00,10.81,8.80979637593031,9.435242056399584,8.871392398328549,9.450688499768834
2026-01-03 09:45:00,11.1,8.932961694002152,9.558407374471427,8.9974345794185,9.603786900820388
2026-01-03 10:00:00,11.16,9.070763212144374,9.69620889261365,9.158971517053015,9.988549875503832
2026-01-03 10:15:00,11.49,9.154950193464757,9.780395873934031,9.245470927929428,10.096797142402576
2026-01-03 10:30:00,11.66,9.309755230545997,9.935200911015272,9.392695095923663,10.17272501987922
2026-01-03 10:45:00,11.96,9.44833217650652,10.073777856975795,9.521873778855994,10.213515249782187
2026-01-03 11:00:00,11.97,9.56003941655159,10.185485097020864,9.638934878427706,10.380928138815099
2026-01-03 11:15:00,11.97,9.693646478652955,10.31909215912223,9.757474059838838,10.35775744674795
2026-01-03 11:30:00,12.28,9.69289652109146,10.318342201560736,9.752488351762677,10.31293550145576
2026-01-03 11:45:00,12.34,9.799655102491378,10.425100782960653,9.843610850677623,10.25700432267086
2026-01-03 12:00:00,12.41,9.825796783566474,10.451242464035749,9.86067939490944,10.188742149163096
2026-01-03 12:15:00,12.12,9.79958222925663,10.425027909725905,9.832870516856222,10.14593903133578
2026-01-03 12:30:00,12.28,9.934021673500538,10.559467353969813,9.952435394154204,10.125612105447551
2026-01-03 12:45:00,12.13,9.98807168096304,10.613517361432315,10.002188766779256,10.134956638122596
2026-01-03 13:00:00,12.3,9.974606758952142,10.600052439421416,10.00867138702099,10.329041200995539
2026-01-03 13:15:00,12.31,10.054194943904877,10.679640624374152,10.087796115562801,10.403807231011344
2026-01-03 13:30:00,12.48,10.088011662364007,10.713457342833282,10.128196561403737,10.506126084189793
2026-01-03 13:45:00,12.44,10.123948072195054,10.749393752664329,10.172383024658247,10.627902359234227
2026-01-03 14:00:00,12.45,10.125453647375107,10.750899327844381,10.174620413783074,10.637022286365266
2026-01-03 14:15:00,12.59,10.213904774188995,10.83935045465827,10.266986850783901,10.766211294676932
2026-01-03 14:30:00,12.7,10.248997128009796,10.87444280847907,10.309974052829002,10.88344768716862
2026-01-03 14:45:00,12.59,10.260730072557926,10.886175753027201,10.329934575231679,10.980786643922473
2026-01-03 15:00:00,11.34,10.294842175245286,10.92028785571456,10.34111256981087,10.776274746528177
2026-01-03 15:15:00,12.64,10.276091113686562,11.172762872934342,10.32873489940409,10.823837320694414
2026-01-03 15:30:00,12.6,10.352091883718968,11.248763642966747,10.39988905039302,10.849410159648286
2026-01-03 15:45:00,12.54,10.337221498787404,11.233893258035184,10.387436112205059,10.859692739428588
2026-01-03 16:00:00,12.55,10.426863713860511,11.32353547310829,10.45682235738796,10.738576352600248
2026-01-03 16:15:00,12.58,10.462904127240181,11.35957588648796,10.49017952262355,10.746698200220486
2026-01-03 16:30:00,12.81,10.44533743262291,11.342009191870691,10.476398117665052,10.76851655409013
2026-01-03 16:45:00,12.82,10.530392525196076,11.427064284443855,10.557434923146795,10.811762314697585
2026-01-03 17:00:00,12.56,10.520541195869447,11.417212955117225,10.526994937539767,10.587690859837275
2026-01-03 17:15:00,12.62,10.551999793052673,11.448671552300453,10.56464017446333,10.683519988237162
2026-01-03 17:30:00,12.51,10.539525027275086,11.436196786522867,10.56478685054369,10.802368356053254
2026-01-03 17:45:00,12.81,10.550710715055466,11.447382474303247,10.587818371853794,10.936807155218322
2026-01-03 18:00:00,13.08,10.531247193813325,11.427918953061106,10.545534585415128,10.679904142610951
2026-01-03 18:15:00,13.3,10.51398472726345,11.410656486511229,10.542677236891546,10.81252354061275
2026-01-03 18:30:00,13.46,10.468672786653041,11.365344545900822,10.512602258274224,10.9257486053541
2026-01-03 18:45:00,13.81,10.43979765176773,11.33646941101551,10.494448320435525,11.008425003794589
2026-01-03 19:00:00,13.64,10.378579535782338,11.275251295030117,10.487900175605601,11.516035077679788
2026-01-03 19:15:00,13.44,10.321572148501874,11.218243907749653,10.436309379788648,11.515386050433866
2026-01-03 19:30:00,12.89,10.189808142483235,11.086479901731014,10.312798059490634,11.469489298061358
2026-01-03 19:45:00,12.88,10.159710081517696,11.056381840765475,10.277110716651023,11.381236073961327
2026-01-03 20:00:00,12.47,9.935335160493851,10.83200691974163,10.062027928342841,11.253543608058157
2026-01-03 20:15:00,12.12,9.86561174750328,10.76228350675106,9.984423488911673,11.101819968804834
2026-01-03 20:30:00,12.11,9.795897532105446,10.692569291353227,9.905143449420526,10.932575603882219
2026-01-03 20:45:00,11.72,9.635108045935631,10.531779805183412,9.742793553419759,10.755550420476112
2026-01-03 21:00:00,11.72,9.466802003979684,10.363473763227464,9.568656461002174,10.5265736701032
2026-01-03 21:15:00,11.39,9.266594465374947,10.163266224622728,9.371388860612894,10.35695549706944
2026-01-03 21:30:00,11.37,9.164531608819962,10.06120336806774,9.26380734180492,10.197472257925478
2026-01-03 21:45:00,11.13,8.970354507267475,9.867026266515253,9.073984257704755,10.048597683770103
2026-01-03 22:00:00,11.08,8.810923788547516,9.707595547795297,8.94513124106892,10.20732076245111
2026-01-03 22:15:00,10.75,8.610842893719674,9.507514652967455,8.751241385349186,10.071656173226742
2026-01-03 22:30:00,10.69,8.370213703811169,9.266885463058948,8.520689889063133,9.935883014886793
2026-01-03 22:45:00,10.36,8.202922227084636,9.099593986332415,8.355971657625464,9.795365550087103
2026-01-03 23:00:00,10.2,7.97967118114233,8.87634294039011,8.144592703525387,9.695640827094344
2026-01-03 23:15:00,10.21,7.824190474748612,8.720862233996392,7.988780065575229,9.536706450936052
2026-01-03 23:30:00,9.93,7.646548876166344,8.543220635414123,7.811999624335888,9.368024991937133
2026-01-03 23:45:00,9.92,7.436821829080582,8.333493588328363,7.605521956374314,9.192106970288005
2026-01-04 00:00:00,9.72,7.251679416745901,8.148351175993682,7.413584252037334,8.93626114312404
2026-01-04 00:15:00,9.49,7.092879440635443,7.9895511998832225,7.2530983851756385,8.759919870318571
2026-01-04 00:30:00,9.43,6.863401801288128,7.760073560535908,7.029522436704048,8.591847936280072
2026-01-04 00:45:00,9.1,6.789983078539372,7.6866548377871515,6.948302149078966,8.437255766153068
2026-01-04 01:00:00,9.16,6.587443419545889,7.484115178793669,6.746369093012926,8.24102766792859
2026-01-04 01:15:00,8.86,6.450274235904217,7.346945995151997,6.6110655797040145,8.12327034523818
2026-01-04 01:30:00,8.86,6.354333792328835,7.251005551576615,6.514898326760436,8.024970003539023
2026-01-04 01:45:00,8.73,6.235725527703762,7.132397286951542,6.3999254632835845,7.9441872327067955
2026-01-04 02:00:00,8.74,6.193848711103201,7.090520470350981,6.345471715670143,7.77145040738518
2026-01-04 02:15:00,8.64,6.0397579024732115,6.936429661720991,6.200714964713564,7.714478273199255
2026-01-04 02:30:00,8.4,5.947899067550898,6.844570826798678,6.112725690191227,7.662881304003083
2026-01-04 02:45:00,8.21,5.839154690504074,6.735826449751854,6.009638577739661,7.612999434313145
2026-01-04 03:00:00,8.21,5.856793197095394,6.753464956343174,6.025814808336076,7.615423303148255
2026-01-04 03:15:00,8.27,5.79931354880333,6.695985308051109,5.9689001910447,7.563822669506263
2026-01-04 03:30:00,8.32,5.833097721934319,6.729769481182099,5.994495105851487,7.512399536130882
2026-01-04 03:45:00,8.32,5.706012283712625,6.602684042960405,5.87498097452745,7.464091765182891
2026-01-04 04:00:00,8.07,5.785529894828796,6.682201654076576,5.923297337271736,7.218967726450547
2026-01-04 04:15:00,8.07,5.727140569239855,6.6238123284876345,5.86768873726096,7.189511196393118
2026-01-04 04:30:00,8.12,5.79546223372221,6.69213399296999,5.928133742590528,7.175878075215053
2026-01-04 04:45:00,8.06,5.848762283623219,6.745434042870999,5.976818843446653,7.181160665877221
2026-01-04 05:00:00,8.04,5.901952669918537,6.798624429166317,6.052164423034742,7.464870626823885
2026-01-04 05:15:00,7.99,5.969982133954764,6.866653893202543,6.118049544386906,7.510588709645582
2026-01-04 05:30:00,7.94,6.1110181978344915,7.007689957082271,6.2516368712104855,7.574122416620413
2026-01-04 05:45:00,7.94,6.233268355429173,7.129940114676953,6.3696013624837,7.651781224256331
2026-01-04 06:00:00,7.81,6.336948573291302,7.233620332539082,6.467400298094865,7.694268083749556
2026-01-04 06:15:00,8.0,6.593241617381573,7.489913376629353,6.707912658631616,7.786366827551241
2026-01-04 06:30:00,7.89,6.7307031783461575,7.627374937593937,6.841097115800112,7.879326129619451
2026-01-04 06:45:00,7.89,6.876137283444405,7.7728090426921845,6.981312338037147,7.97045898618314
2026-01-04 07:00:00,8.1,7.051079034805298,7.947750794053078,7.1314926236047675,7.887763510597729
2026-01-04 07:15:00,8.33,7.213111964762211,8.10978372400999,7.28627789702551,7.97438627916001
2026-01-04 07:30:00,8.71,7.393290507048369,8.289962266296149,7.457549609775139,8.061891355269612
2026-01-04 07:45:00,8.9,7.639781570434571,8.53645332968235,7.689208213779803,8.154054167826184
2026-01-04 08:00:00,9.37,7.7719166639447215,8.668588423192501,7.862712176782859,8.716622617222399
2026-01-04 08:15:00,9.81,7.909104773402214,8.805776532649993,7.997599372908737,8.829870264707631
2026-01-04 08:30:00,10.45,8.175029819607735,9.071701578855514,8.250234931872264,8.957521322242586
2026-01-04 08:45:00,10.86,8.370279501974583,9.266951261222363,8.440365648628992,9.099509371568983
2026-01-04 09:00:00,11.41,8.556491488218308,9.453163247466087,8.65730441068312,9.605426232269048
